{"cameraMode":{"drawMode":0,"name":"Shaded","section":"Shading Mode"},"sceneLighting":false,"audioPlay":false,"sceneViewState":{"m_AlwaysRefresh":false,"showFog":true,"showSkybox":false,"showFlares":true,"showImageEffects":true,"showParticleSystems":true,"showVisualEffectGraphs":true,"m_FxEnabled":true},"in2DMode":false,"pivot":{"x":-0.8470861315727234,"y":1.3397220373153687,"z":-2.384185791015625e-7},"rotation":{"x":-0.10510432720184326,"y":0.0005877309013158083,"z":-0.00011261887266300619,"w":-0.9943796992301941},"size":1.9208576679229737,"orthographic":false}