{"cameraMode":{"drawMode":0,"name":"Shaded","section":"Shading Mode"},"sceneLighting":true,"audioPlay":false,"sceneViewState":{"m_AlwaysRefresh":false,"showFog":true,"showSkybox":true,"showFlares":true,"showImageEffects":true,"showParticleSystems":true,"showVisualEffectGraphs":true,"m_FxEnabled":true},"in2DMode":false,"pivot":{"x":-2.7307522296905519,"y":2.2688474655151369,"z":-1.2840757369995118},"rotation":{"x":-0.020287547260522844,"y":0.35918933153152468,"z":0.007836158387362957,"w":0.9329850673675537},"size":1.147530436515808,"orthographic":false}