{"cameraMode":{"drawMode":0,"name":"Shaded","section":"Shading Mode"},"sceneLighting":true,"audioPlay":false,"sceneViewState":{"m_AlwaysRefresh":false,"showFog":true,"showSkybox":true,"showFlares":true,"showImageEffects":true,"showParticleSystems":true,"showVisualEffectGraphs":true,"m_FxEnabled":true},"in2DMode":false,"pivot":{"x":263.71539306640627,"y":293.76910400390627,"z":3.2222900390625},"rotation":{"x":-0.03449329361319542,"y":-0.00449734041467309,"z":-0.00015524798072874546,"w":0.9993968605995178},"size":212.1416473388672,"orthographic":false}