{"cameraMode":{"drawMode":0,"name":"Shaded","section":"Shading Mode"},"sceneLighting":true,"audioPlay":false,"sceneViewState":{"m_AlwaysRefresh":false,"showFog":true,"showSkybox":true,"showFlares":true,"showImageEffects":true,"showParticleSystems":true,"showVisualEffectGraphs":true,"m_FxEnabled":true},"in2DMode":false,"pivot":{"x":38.92702102661133,"y":53.194602966308597,"z":-1.9352178573608399},"rotation":{"x":-0.42264917492866518,"y":-0.016943180933594705,"z":0.007645573001354933,"w":-0.9059702157974243},"size":0.8660253882408142,"orthographic":false}